id,category,intent,question,answer,keywords,language,source_url,last_reviewed,priority
zain-0001,business,business_name,What is the business called?,The business name in the supplied knowledge document is Zain Bike Center.,"Zain Bike Center,business name,shop,brand",en,Zain Bike Center Knowledge.docx,2026-08-01,high
zain-0002,business,business_name,Is this Zain Bike Center?,The business name in the supplied knowledge document is Zain Bike Center.,"Zain Bike Center,business name,shop,brand",en,Zain Bike Center Knowledge.docx,2026-08-01,high
zain-0003,business,business_overview,What does Zain Bike Center do?,"Zain Bike Center says it provides bike-modification deals through an ecommerce store and a physical store in Rawalpindi. It was established in 2018, and the document names Mr. Abdul Rauf Bhatti as CEO.","about,overview,bike modification,ecommerce,physical shop,2018,Abdul Rauf Bhatti,CEO",en,Zain Bike Center Knowledge.docx,2026-08-01,high
zain-0004,business,business_overview,Tell me about Zain Bike Center.,"Zain Bike Center says it provides bike-modification deals through an ecommerce store and a physical store in Rawalpindi. It was established in 2018, and the document names Mr. Abdul Rauf Bhatti as CEO.","about,overview,bike modification,ecommerce,physical shop,2018,Abdul Rauf Bhatti,CEO",en,Zain Bike Center Knowledge.docx,2026-08-01,high
zain-0005,business,store_address,Where is Zain Bike Center located?,"The documented address is Jahaz Ground, Chatri Chowk, Khannapul, Rawalpindi.","address,location,Jahaz Ground,Chatri Chowk,Khannapul,Rawalpindi,shop",en,Zain Bike Center Knowledge.docx,2026-08-01,high
zain-0006,business,store_address,Shop ka address kya hai?,"The documented address is Jahaz Ground, Chatri Chowk, Khannapul, Rawalpindi.","address,location,Jahaz Ground,Chatri Chowk,Khannapul,Rawalpindi,shop",en,Zain Bike Center Knowledge.docx,2026-08-01,high
zain-0007,business,store_hours,What are the shop timings?,"The documented shop hours are 9:00 AM to 9:00 PM, seven days a week.","timing,hours,open,close,9 AM,9 PM,7 days,week",en,Zain Bike Center Knowledge.docx,2026-08-01,high
zain-0008,business,store_hours,Shop kab khulti hai?,"The documented shop hours are 9:00 AM to 9:00 PM, seven days a week.","timing,hours,open,close,9 AM,9 PM,7 days,week",en,Zain Bike Center Knowledge.docx,2026-08-01,high
zain-0009,business,physical_purchase,Can I buy from the physical shop?,Yes. The document says customers may visit the Rawalpindi shop and purchase there if they do not want home delivery or delivery charges.,"physical store,visit,walk in,pickup,buy at shop,no delivery charge,Rawalpindi",en,Zain Bike Center Knowledge.docx,2026-08-01,high
zain-0010,business,physical_purchase,Can I avoid delivery charges by visiting the shop?,Yes. The document says customers may visit the Rawalpindi shop and purchase there if they do not want home delivery or delivery charges.,"physical store,visit,walk in,pickup,buy at shop,no delivery charge,Rawalpindi",en,Zain Bike Center Knowledge.docx,2026-08-01,high
zain-0011,business,tiktok,What is Zain Bike Center's TikTok?,The documented TikTok ID is @zainbikecenter.,"TikTok,@zainbikecenter,social media,account",en,Zain Bike Center Knowledge.docx,2026-08-01,medium
zain-0012,business,tiktok,TikTok ID kya hai?,The documented TikTok ID is @zainbikecenter.,"TikTok,@zainbikecenter,social media,account",en,Zain Bike Center Knowledge.docx,2026-08-01,medium
zain-0013,support,availability,Which days is support available?,The document says Zain Bike Center is available seven days a week. It does not state a separate online response-time guarantee.,"available,7 days,Sunday,support,week,response time",en,Zain Bike Center Knowledge.docx,2026-08-01,medium
zain-0014,support,availability,Are you available on Sunday?,The document says Zain Bike Center is available seven days a week. It does not state a separate online response-time guarantee.,"available,7 days,Sunday,support,week,response time",en,Zain Bike Center Knowledge.docx,2026-08-01,medium
zain-0015,support,text_only,Can I send a voice message?,The document says voice messages cannot be answered; please send a text message with complete details and the issue.,"voice message,voice note,text message,type,reply,complete details",en,Zain Bike Center Knowledge.docx,2026-08-01,high
zain-0016,support,text_only,Why did nobody answer my voice note?,The document says voice messages cannot be answered; please send a text message with complete details and the issue.,"voice message,voice note,text message,type,reply,complete details",en,Zain Bike Center Knowledge.docx,2026-08-01,high
zain-0017,support,no_media_links,"Can I send videos, photos, or links in chat?","For a quicker response, the document asks customers not to send videos, photos, or links in the initial chat and to send a text message with complete details and the issue. A product-damage claim is different: the document asks for an opening video as evidence when an item is missing or damaged.","video,photo,link,text,quick response,message,damage evidence,unboxing",en,Zain Bike Center Knowledge.docx,2026-08-01,high
zain-0018,support,no_media_links,What should I send for a quick response?,"For a quicker response, the document asks customers not to send videos, photos, or links in the initial chat and to send a text message with complete details and the issue. A product-damage claim is different: the document asks for an opening video as evidence when an item is missing or damaged.","video,photo,link,text,quick response,message,damage evidence,unboxing",en,Zain Bike Center Knowledge.docx,2026-08-01,high
zain-0019,support,delayed_reply,I have not received a reply. What should I do?,"Send one clear text message containing your complete details and issue. The document says an agent will contact you as soon as possible, but it gives no exact response time; do not promise one.","no reply,delayed response,complete details,issue,human agent,text",en,Zain Bike Center Knowledge.docx,2026-08-01,high
zain-0020,support,delayed_reply,"Reply nahi mil raha, kya karun?","Send one clear text message containing your complete details and issue. The document says an agent will contact you as soon as possible, but it gives no exact response time; do not promise one.","no reply,delayed response,complete details,issue,human agent,text",en,Zain Bike Center Knowledge.docx,2026-08-01,high
zain-0021,ordering,minimum_order,What is the minimum order value?,The documented minimum bill is Rs 500; an order below Rs 500 should not be accepted.,"minimum bill,minimum order,Rs 500,500 rupees,order value",en,Zain Bike Center Knowledge.docx,2026-08-01,high
zain-0022,ordering,minimum_order,Can I order for less than Rs 500?,The documented minimum bill is Rs 500; an order below Rs 500 should not be accepted.,"minimum bill,minimum order,Rs 500,500 rupees,order value",en,Zain Bike Center Knowledge.docx,2026-08-01,high
zain-0023,ordering,order_requirements,What details are required to place an order?,"To place a delivery order, provide your name, phone number, complete address, and city, and pay the applicable delivery charge in advance. Send the transaction screenshot for confirmation. Share these details only through an official Zain Bike Center channel.","place order,book order,name,number,phone,address,city,advance delivery,transaction screenshot",en,Zain Bike Center Knowledge.docx,2026-08-01,high
zain-0024,ordering,order_requirements,Order book karne ke liye kya chahiye?,"To place a delivery order, provide your name, phone number, complete address, and city, and pay the applicable delivery charge in advance. Send the transaction screenshot for confirmation. Share these details only through an official Zain Bike Center channel.","place order,book order,name,number,phone,address,city,advance delivery,transaction screenshot",en,Zain Bike Center Knowledge.docx,2026-08-01,high
zain-0025,ordering,advance_delivery_required,Can my order be processed before I pay delivery charges?,No. The document says a delivery order cannot be processed until the delivery charge is paid in advance; the delivery charge cannot be paid after the parcel arrives.,"advance delivery charges,process order,pay later,COD delivery fee,parcel arrival",en,Zain Bike Center Knowledge.docx,2026-08-01,high
zain-0026,ordering,advance_delivery_required,Delivery charges parcel milne ke baad de sakta hun?,No. The document says a delivery order cannot be processed until the delivery charge is paid in advance; the delivery charge cannot be paid after the parcel arrives.,"advance delivery charges,process order,pay later,COD delivery fee,parcel arrival",en,Zain Bike Center Knowledge.docx,2026-08-01,high
zain-0027,ordering,full_advance_payment,Can I pay the whole order amount in advance?,The document says customers cannot pay the entire amount in advance. It only instructs customers to prepay the applicable delivery charge. Confirm the remaining collection method with the team before ordering; the document does not specify it further.,"full advance,entire payment,delivery charge only,remaining amount,payment method",en,Zain Bike Center Knowledge.docx,2026-08-01,high
zain-0028,ordering,full_advance_payment,Do you accept full advance payment?,The document says customers cannot pay the entire amount in advance. It only instructs customers to prepay the applicable delivery charge. Confirm the remaining collection method with the team before ordering; the document does not specify it further.,"full advance,entire payment,delivery charge only,remaining amount,payment method",en,Zain Bike Center Knowledge.docx,2026-08-01,high
zain-0029,ordering,transaction_proof,Do I need to send a payment screenshot?,"After paying the applicable delivery charge, send a screenshot of the transaction through an official Zain Bike Center channel so the team can confirm the order. Do not include a PIN, OTP, password, or other secret credential.","screenshot,transaction proof,payment confirmation,advance delivery,receipt,OTP,PIN",en,Zain Bike Center Knowledge.docx,2026-08-01,high
zain-0030,ordering,transaction_proof,How is advance delivery payment confirmed?,"After paying the applicable delivery charge, send a screenshot of the transaction through an official Zain Bike Center channel so the team can confirm the order. Do not include a PIN, OTP, password, or other secret credential.","screenshot,transaction proof,payment confirmation,advance delivery,receipt,OTP,PIN",en,Zain Bike Center Knowledge.docx,2026-08-01,high
zain-0031,ordering,combine_items_one_delivery_fee,Can I order different items with one delivery charge?,The document says different items or deals may be combined in one order and the applicable delivery charge is charged only once for that shipment.,"combine items,multiple products,one delivery charge,one shipment,add items,deals",en,Zain Bike Center Knowledge.docx,2026-08-01,high
zain-0032,ordering,combine_items_one_delivery_fee,Will I pay delivery charges for every item?,The document says different items or deals may be combined in one order and the applicable delivery charge is charged only once for that shipment.,"combine items,multiple products,one delivery charge,one shipment,add items,deals",en,Zain Bike Center Knowledge.docx,2026-08-01,high
zain-0033,ordering,deal_customization,Can I change items inside a deal?,No. The document says deal contents cannot be changed or modified; the detailing and glove deals are supplied as complete packages.,"change deal,modify package,customize,swap item,complete package,no changes",en,Zain Bike Center Knowledge.docx,2026-08-01,high
zain-0034,ordering,deal_customization,Can a package be customized?,No. The document says deal contents cannot be changed or modified; the detailing and glove deals are supplied as complete packages.,"change deal,modify package,customize,swap item,complete package,no changes",en,Zain Bike Center Knowledge.docx,2026-08-01,high
zain-0035,ordering,order_confirmation_status,Has my parcel been booked or dispatched?,"For a booking or dispatch confirmation, provide the name, phone number, and address used for the order through an official channel. The team will manually check and send a confirmation message. The knowledge document cannot confirm a specific order by itself.","booked,dispatched,sent,order confirmation,name,phone,address,manual check",en,Zain Bike Center Knowledge.docx,2026-08-01,high
zain-0036,ordering,order_confirmation_status,Mera parcel ja chuka hai?,"For a booking or dispatch confirmation, provide the name, phone number, and address used for the order through an official channel. The team will manually check and send a confirmation message. The knowledge document cannot confirm a specific order by itself.","booked,dispatched,sent,order confirmation,name,phone,address,manual check",en,Zain Bike Center Knowledge.docx,2026-08-01,high
zain-0037,ordering,unknown_product_availability,Do you have a product that is not listed here?,Share the requested product's exact details in text. The team must check availability and respond; do not assume that an undocumented product is in stock or invent its price.,"other product,availability,stock check,product details,unlisted accessory,price unknown",en,Zain Bike Center Knowledge.docx,2026-08-01,high
zain-0038,ordering,unknown_product_availability,Can you check availability of another bike accessory?,Share the requested product's exact details in text. The team must check availability and respond; do not assume that an undocumented product is in stock or invent its price.,"other product,availability,stock check,product details,unlisted accessory,price unknown",en,Zain Bike Center Knowledge.docx,2026-08-01,high
zain-0039,delivery,coverage,Do you deliver throughout Pakistan?,Yes. The document says delivery is available to every city in Pakistan. Remote or rural delivery may require collection from the nearest courier pickup point.,"Pakistan,all cities,nationwide delivery,coverage,remote,rural,pickup point",en,Zain Bike Center Knowledge.docx,2026-08-01,high
zain-0040,delivery,coverage,Mere shehar delivery available hai?,Yes. The document says delivery is available to every city in Pakistan. Remote or rural delivery may require collection from the nearest courier pickup point.,"Pakistan,all cities,nationwide delivery,coverage,remote,rural,pickup point",en,Zain Bike Center Knowledge.docx,2026-08-01,high
zain-0041,delivery,courier,Which courier delivers the orders?,The documented courier service is Leopards Courier.,"Leopards Courier,courier,delivery company,parcel",en,Zain Bike Center Knowledge.docx,2026-08-01,high
zain-0042,delivery,courier,Parcel kis courier se aata hai?,The documented courier service is Leopards Courier.,"Leopards Courier,courier,delivery company,parcel",en,Zain Bike Center Knowledge.docx,2026-08-01,high
zain-0043,delivery,delivery_time,How long does delivery take?,"After order confirmation, the documented delivery time is 5–7 working days. The same estimate applies across Pakistan. It is an estimate, not a guaranteed arrival date.","delivery time,5-7 working days,after confirmation,arrival,all Pakistan,estimate",en,Zain Bike Center Knowledge.docx,2026-08-01,high
zain-0044,delivery,delivery_time,Parcel kitne din mein aye ga?,"After order confirmation, the documented delivery time is 5–7 working days. The same estimate applies across Pakistan. It is an estimate, not a guaranteed arrival date.","delivery time,5-7 working days,after confirmation,arrival,all Pakistan,estimate",en,Zain Bike Center Knowledge.docx,2026-08-01,high
zain-0045,delivery,delivery_delay_reason,Why does delivery take 5–7 days?,"The document attributes the 5–7-working-day delivery estimate to high daily order volume and the time needed to prepare and deliver orders properly. For a specific delayed order, the team must manually check it.","delay,5-7 days,high order volume,preparation,daily orders,manual check",en,Zain Bike Center Knowledge.docx,2026-08-01,medium
zain-0046,delivery,delivery_delay_reason,Why is my parcel taking time?,"The document attributes the 5–7-working-day delivery estimate to high daily order volume and the time needed to prepare and deliver orders properly. For a specific delayed order, the team must manually check it.","delay,5-7 days,high order volume,preparation,daily orders,manual check",en,Zain Bike Center Knowledge.docx,2026-08-01,medium
zain-0047,delivery,urgent_delivery,Is urgent or express delivery available?,No urgent-delivery service is documented. Do not promise delivery earlier than the stated 5–7 working days after confirmation.,"urgent delivery,express,same day,next day,faster,not available",en,Zain Bike Center Knowledge.docx,2026-08-01,high
zain-0048,delivery,urgent_delivery,Can you deliver sooner than 5 days?,No urgent-delivery service is documented. Do not promise delivery earlier than the stated 5–7 working days after confirmation.,"urgent delivery,express,same day,next day,faster,not available",en,Zain Bike Center Knowledge.docx,2026-08-01,high
zain-0049,delivery,bykea,Can you send my order through Bykea?,No. The document says Bykea service is not available. Customers may instead visit the physical shop to purchase.,"Bykea,rider,local delivery,not available,physical shop",en,Zain Bike Center Knowledge.docx,2026-08-01,medium
zain-0050,delivery,bykea,Is Bykea delivery available?,No. The document says Bykea service is not available. Customers may instead visit the physical shop to purchase.,"Bykea,rider,local delivery,not available,physical shop",en,Zain Bike Center Knowledge.docx,2026-08-01,medium
zain-0051,delivery,remote_area,How are remote or rural orders delivered?,"Customers in remote or rural areas may have to collect the parcel from the nearest courier pickup point. The document says that point is usually no more than 5 km away, but the actual pickup location must be confirmed by the courier or team.","remote,rural,village,pickup point,5 km,courier collection",en,Zain Bike Center Knowledge.docx,2026-08-01,high
zain-0052,delivery,remote_area,Will the courier deliver to my village?,"Customers in remote or rural areas may have to collect the parcel from the nearest courier pickup point. The document says that point is usually no more than 5 km away, but the actual pickup location must be confirmed by the courier or team.","remote,rural,village,pickup point,5 km,courier collection",en,Zain Bike Center Knowledge.docx,2026-08-01,high
zain-0053,delivery,open_parcel,Can I open the parcel before accepting it?,The document says opening the parcel before acceptance is not allowed. It recommends recording a continuous video while opening the parcel for your safety and for evidence of a missing or damaged item.,"open parcel,inspection,unboxing video,opening video,missing,damaged,evidence",en,Zain Bike Center Knowledge.docx,2026-08-01,high
zain-0054,delivery,open_parcel,Parcel open allowed hai?,The document says opening the parcel before acceptance is not allowed. It recommends recording a continuous video while opening the parcel for your safety and for evidence of a missing or damaged item.,"open parcel,inspection,unboxing video,opening video,missing,damaged,evidence",en,Zain Bike Center Knowledge.docx,2026-08-01,high
zain-0055,delivery,missing_damaged_refund,What if an item is missing or damaged?,"Record the parcel opening. If the opening video shows an item is missing or damaged, the document says the payment for that affected item can be refunded. The team must review the evidence and confirm the claim; the document does not define a deadline or wider return policy.","missing item,damaged,refund,opening video,unboxing,evidence,claim,affected item",en,Zain Bike Center Knowledge.docx,2026-08-01,high
zain-0056,delivery,missing_damaged_refund,Damaged product ka refund mil sakta hai?,"Record the parcel opening. If the opening video shows an item is missing or damaged, the document says the payment for that affected item can be refunded. The team must review the evidence and confirm the claim; the document does not define a deadline or wider return policy.","missing item,damaged,refund,opening video,unboxing,evidence,claim,affected item",en,Zain Bike Center Knowledge.docx,2026-08-01,high
zain-0057,delivery,tracking_request,How can I get my tracking ID?,"Provide the order name, phone number, complete address, and city through an official channel. The team will manually check and notify you with tracking information. Never invent a tracking ID.","tracking ID,tracking number,name,phone,address,city,manual check,notify",en,Zain Bike Center Knowledge.docx,2026-08-01,high
zain-0058,delivery,tracking_request,Tracking number chahiye.,"Provide the order name, phone number, complete address, and city through an official channel. The team will manually check and notify you with tracking information. Never invent a tracking ID.","tracking ID,tracking number,name,phone,address,city,manual check,notify",en,Zain Bike Center Knowledge.docx,2026-08-01,high
zain-0059,delivery,late_order_check,Why has my order not arrived?,"Provide the name, phone number, complete address, and city used for the order through an official channel. The team will manually check and contact you. The knowledge base cannot see live courier status or promise a revised arrival date.","not delivered,late parcel,where is order,name,number,address,city,live status,manual check",en,Zain Bike Center Knowledge.docx,2026-08-01,high
zain-0060,delivery,late_order_check,Where is my parcel?,"Provide the name, phone number, complete address, and city used for the order through an official channel. The team will manually check and contact you. The knowledge base cannot see live courier status or promise a revised arrival date.","not delivered,late parcel,where is order,name,number,address,city,live status,manual check",en,Zain Bike Center Knowledge.docx,2026-08-01,high
zain-0061,payment,delivery_charge_local,What is delivery charge in Rawalpindi or Islamabad?,"The area-wise rate in the document is Rs 300 for Rawalpindi and Islamabad, paid in advance. Confirm the destination before requesting payment.","Rawalpindi,Islamabad,delivery charge,Rs 300,300 rupees,advance",en,Zain Bike Center Knowledge.docx,2026-08-01,high
zain-0062,payment,delivery_charge_local,Rawalpindi delivery fee kitni hai?,"The area-wise rate in the document is Rs 300 for Rawalpindi and Islamabad, paid in advance. Confirm the destination before requesting payment.","Rawalpindi,Islamabad,delivery charge,Rs 300,300 rupees,advance",en,Zain Bike Center Knowledge.docx,2026-08-01,high
zain-0063,payment,delivery_charge_other_cities,What is delivery charge outside Rawalpindi and Islamabad?,"The documented delivery charge for every other city in Pakistan is Rs 350, paid in advance.","other city,Lahore,Karachi,Pakistan,delivery charge,Rs 350,350 rupees,advance",en,Zain Bike Center Knowledge.docx,2026-08-01,high
zain-0064,payment,delivery_charge_other_cities,Lahore or another city delivery charges?,"The documented delivery charge for every other city in Pakistan is Rs 350, paid in advance.","other city,Lahore,Karachi,Pakistan,delivery charge,Rs 350,350 rupees,advance",en,Zain Bike Center Knowledge.docx,2026-08-01,high
zain-0065,payment,delivery_charge_general,How much are delivery charges?,"The document gives an area-wise rate of Rs 300 for Rawalpindi/Islamabad and Rs 350 for every other city in Pakistan, payable in advance. Some product descriptions use Rs 350 as a general delivery figure; use the area-wise rate after confirming the destination, and ask the team if checkout or staff quotes a different amount.","delivery charges,shipping fee,Rs 300,Rs 350,area wise,destination,advance,conflict",en,Zain Bike Center Knowledge.docx,2026-08-01,high
zain-0066,payment,delivery_charge_general,Home delivery fee kya hai?,"The document gives an area-wise rate of Rs 300 for Rawalpindi/Islamabad and Rs 350 for every other city in Pakistan, payable in advance. Some product descriptions use Rs 350 as a general delivery figure; use the area-wise rate after confirming the destination, and ask the team if checkout or staff quotes a different amount.","delivery charges,shipping fee,Rs 300,Rs 350,area wise,destination,advance,conflict",en,Zain Bike Center Knowledge.docx,2026-08-01,high
zain-0067,payment,easypaisa,Where do I pay the delivery charge by Easypaisa?,"The document lists Easypaisa number 03016878322 with account name Zain Rauf. It also explicitly says Easypaisa is not registered on 03719453003. Verify that the displayed recipient name is Zain Rauf before sending, use only an official channel to reconfirm, and do not pay if any detail differs.","Easypaisa,03016878322,Zain Rauf,03719453003,account,recipient,advance delivery payment",en,Zain Bike Center Knowledge.docx,2026-08-01,high
zain-0068,payment,easypaisa,Easypaisa account details kya hain?,"The document lists Easypaisa number 03016878322 with account name Zain Rauf. It also explicitly says Easypaisa is not registered on 03719453003. Verify that the displayed recipient name is Zain Rauf before sending, use only an official channel to reconfirm, and do not pay if any detail differs.","Easypaisa,03016878322,Zain Rauf,03719453003,account,recipient,advance delivery payment",en,Zain Bike Center Knowledge.docx,2026-08-01,high
zain-0069,payment,wrong_easypaisa_number,Is 03719453003 your Easypaisa number?,No. The document explicitly says Easypaisa is not registered on 03719453003. The documented Easypaisa number is 03016878322 and the recipient name should appear as Zain Rauf. Reconfirm through an official channel before paying.,"03719453003,wrong number,not Easypaisa,03016878322,Zain Rauf,verify",en,Zain Bike Center Knowledge.docx,2026-08-01,high
zain-0070,payment,wrong_easypaisa_number,Can I send Easypaisa to 03719453003?,No. The document explicitly says Easypaisa is not registered on 03719453003. The documented Easypaisa number is 03016878322 and the recipient name should appear as Zain Rauf. Reconfirm through an official channel before paying.,"03719453003,wrong number,not Easypaisa,03016878322,Zain Rauf,verify",en,Zain Bike Center Knowledge.docx,2026-08-01,high
zain-0071,payment,jazzcash,Can I pay through JazzCash?,The document says JazzCash is available on 03016878322 and the recipient name appears as Iram Shehzadi. Reconfirm through an official channel and verify the displayed name before sending; do not pay if the details differ.,"JazzCash,03016878322,Iram Shehzadi,account,recipient,verify",en,Zain Bike Center Knowledge.docx,2026-08-01,high
zain-0072,payment,jazzcash,JazzCash account details kya hain?,The document says JazzCash is available on 03016878322 and the recipient name appears as Iram Shehzadi. Reconfirm through an official channel and verify the displayed name before sending; do not pay if the details differ.,"JazzCash,03016878322,Iram Shehzadi,account,recipient,verify",en,Zain Bike Center Knowledge.docx,2026-08-01,high
zain-0073,payment,payment_safety,What should I verify before making payment?,"Use only the payment number documented and reconfirmed through an official Zain Bike Center channel. Check the recipient name before sending: Zain Rauf for the documented Easypaisa account, or Iram Shehzadi for the documented JazzCash account. Never share an OTP, PIN, password, or full financial credentials, and do not pay if the number or name differs.","payment safety,verify recipient,Easypaisa,JazzCash,OTP,PIN,password,scam,wrong account",en,Zain Bike Center Knowledge.docx,2026-08-01,high
zain-0074,payment,payment_safety,How do I avoid sending payment to the wrong account?,"Use only the payment number documented and reconfirmed through an official Zain Bike Center channel. Check the recipient name before sending: Zain Rauf for the documented Easypaisa account, or Iram Shehzadi for the documented JazzCash account. Never share an OTP, PIN, password, or full financial credentials, and do not pay if the number or name differs.","payment safety,verify recipient,Easypaisa,JazzCash,OTP,PIN,password,scam,wrong account",en,Zain Bike Center Knowledge.docx,2026-08-01,high
zain-0075,business,fraud_assurance,Is Zain Bike Center a scam?,"The supplied document states that Zain Bike Center guarantees it will not commit fraud or scams and says it had provided services for five years when the document was written. This is the business's own statement, not independent verification. Protect yourself by using official channels, verifying payment details, and keeping transaction and unboxing evidence.","fraud,scam,trust,guarantee,five years,official channel,evidence,verification",en,Zain Bike Center Knowledge.docx,2026-08-01,high
zain-0076,business,fraud_assurance,How can I trust the order?,"The supplied document states that Zain Bike Center guarantees it will not commit fraud or scams and says it had provided services for five years when the document was written. This is the business's own statement, not independent verification. Protect yourself by using official channels, verifying payment details, and keeping transaction and unboxing evidence.","fraud,scam,trust,guarantee,five years,official channel,evidence,verification",en,Zain Bike Center Knowledge.docx,2026-08-01,high
zain-0077,deals,deal_overview,"Which Rs 1,000 deals are offered?","The document lists four deals, each priced at Rs 1,000: Detailing Deal, Glove Deal, Rubber Deal, and Lights Deal. The document provides itemized contents for the first three but does not provide the Lights Deal contents; ask the team for current Lights Deal details.","four deals,Rs 1000,Detailing Deal,Glove Deal,Rubber Deal,Lights Deal,package",en,Zain Bike Center Knowledge.docx,2026-08-01,high
zain-0078,deals,deal_overview,What deals does Zain Bike Center have?,"The document lists four deals, each priced at Rs 1,000: Detailing Deal, Glove Deal, Rubber Deal, and Lights Deal. The document provides itemized contents for the first three but does not provide the Lights Deal contents; ask the team for current Lights Deal details.","four deals,Rs 1000,Detailing Deal,Glove Deal,Rubber Deal,Lights Deal,package",en,Zain Bike Center Knowledge.docx,2026-08-01,high
zain-0079,deals,recommend_deals,Which products are customers most interested in?,"The document says customers are most interested in the deals. Present the documented Detailing, Glove, Rubber, and Lights deals, but do not claim one is best or currently in stock without checking. Ask what the customer needs and provide the relevant documented contents.","popular,deals,recommend,suggest,customer interest,Detailing,Glove,Rubber,Lights",en,Zain Bike Center Knowledge.docx,2026-08-01,medium
zain-0080,deals,recommend_deals,Can you suggest a popular offer?,"The document says customers are most interested in the deals. Present the documented Detailing, Glove, Rubber, and Lights deals, but do not claim one is best or currently in stock without checking. Ask what the customer needs and provide the relevant documented contents.","popular,deals,recommend,suggest,customer interest,Detailing,Glove,Rubber,Lights",en,Zain Bike Center Knowledge.docx,2026-08-01,medium
zain-0081,deals,lights_deal_unknown_contents,What comes in the Lights Deal?,"The document names a Lights Deal at Rs 1,000 but does not list its contents. Ask a human team member to confirm its current contents and availability; do not infer them from the separate remote-flashers information.","Lights Deal,contents,items,Rs 1000,unknown,human agent,availability",en,Zain Bike Center Knowledge.docx,2026-08-01,high
zain-0082,deals,lights_deal_unknown_contents,Tell me the Lights Deal items.,"The document names a Lights Deal at Rs 1,000 but does not list its contents. Ask a human team member to confirm its current contents and availability; do not infer them from the separate remote-flashers information.","Lights Deal,contents,items,Rs 1000,unknown,human agent,availability",en,Zain Bike Center Knowledge.docx,2026-08-01,high
zain-0083,detailing_deal,detailing_price,What is the Detailing Deal price?,"One Detailing Deal costs Rs 1,000. Two Detailing Deals cost Rs 2,000. Delivery is separate: use Rs 300 for Rawalpindi/Islamabad or Rs 350 for other Pakistani cities according to the area-wise rule.","Detailing Deal,price,Rs 1000,two deals,Rs 2000,delivery separate",en,Zain Bike Center Knowledge.docx,2026-08-01,high
zain-0084,detailing_deal,detailing_price,Detailing package kitne ka hai?,"One Detailing Deal costs Rs 1,000. Two Detailing Deals cost Rs 2,000. Delivery is separate: use Rs 300 for Rawalpindi/Islamabad or Rs 350 for other Pakistani cities according to the area-wise rule.","Detailing Deal,price,Rs 1000,two deals,Rs 2000,delivery separate",en,Zain Bike Center Knowledge.docx,2026-08-01,high
zain-0085,detailing_deal,detailing_contents,What is included in the Detailing Deal?,"The document says the Detailing Deal contains 12 counted items: Luster, Tyre Glow, Engine Cleaner, Klink Polish, Foam, three shampoos, Rust Powder, Compound, Brush, and Microfibre Towel. The three shampoo units make the count total 12.","Detailing Deal,12 items,Luster,Tyre Glow,Engine Cleaner,Klink Polish,Foam,Shampoo,Rust Powder,Compound,Brush,Microfibre Towel",en,Zain Bike Center Knowledge.docx,2026-08-01,high
zain-0086,detailing_deal,detailing_contents,Detailing Deal mein kya milta hai?,"The document says the Detailing Deal contains 12 counted items: Luster, Tyre Glow, Engine Cleaner, Klink Polish, Foam, three shampoos, Rust Powder, Compound, Brush, and Microfibre Towel. The three shampoo units make the count total 12.","Detailing Deal,12 items,Luster,Tyre Glow,Engine Cleaner,Klink Polish,Foam,Shampoo,Rust Powder,Compound,Brush,Microfibre Towel",en,Zain Bike Center Knowledge.docx,2026-08-01,high
zain-0087,detailing_deal,detailing_quantity,How many items are in the Detailing Deal?,"It has 12 counted items. The document lists 10 product types, with shampoo supplied as three units; counting those three separately produces 12 items.","12 items,10 product types,three shampoos,Detailing Deal,quantity,count",en,Zain Bike Center Knowledge.docx,2026-08-01,medium
zain-0088,detailing_deal,detailing_quantity,Does the Detailing Deal really have 12 items?,"It has 12 counted items. The document lists 10 product types, with shampoo supplied as three units; counting those three separately produces 12 items.","12 items,10 product types,three shampoos,Detailing Deal,quantity,count",en,Zain Bike Center Knowledge.docx,2026-08-01,medium
zain-0089,detailing_deal,detailing_add_shampoo,Can I add shampoo to the Detailing Deal?,"Yes. The document says a Detailing Deal plus one shampoo costs Rs 1,200 before delivery. Add the applicable one-time delivery charge for the destination.","Detailing Deal,add shampoo,extra shampoo,Rs 1200,delivery separate",en,Zain Bike Center Knowledge.docx,2026-08-01,high
zain-0090,detailing_deal,detailing_add_shampoo,Detailing Deal with extra shampoo price?,"Yes. The document says a Detailing Deal plus one shampoo costs Rs 1,200 before delivery. Add the applicable one-time delivery charge for the destination.","Detailing Deal,add shampoo,extra shampoo,Rs 1200,delivery separate",en,Zain Bike Center Knowledge.docx,2026-08-01,high
zain-0091,products,shampoo,What is the shampoo price and size?,The documented shampoo price is Rs 200 and the quantity is 200 ml.,"shampoo,Rs 200,200 ml,price,quantity,size",en,Zain Bike Center Knowledge.docx,2026-08-01,high
zain-0092,products,shampoo,Bike shampoo kitne ml ka hai?,The documented shampoo price is Rs 200 and the quantity is 200 ml.,"shampoo,Rs 200,200 ml,price,quantity,size",en,Zain Bike Center Knowledge.docx,2026-08-01,high
zain-0093,products,nozzle,How much is the nozzle?,"The documented nozzle price is Rs 1,000. The same product may be called a nozzle, bike-wash nozzle, or pressure nozzle.","nozzle,bike wash nozzle,pressure nozzle,Rs 1000,price,alias",en,Zain Bike Center Knowledge.docx,2026-08-01,high
zain-0094,products,nozzle,Do you sell a bike wash or pressure nozzle?,"The documented nozzle price is Rs 1,000. The same product may be called a nozzle, bike-wash nozzle, or pressure nozzle.","nozzle,bike wash nozzle,pressure nozzle,Rs 1000,price,alias",en,Zain Bike Center Knowledge.docx,2026-08-01,high
zain-0095,glove_deal,glove_price,What is the Glove Deal price?,"The Glove Deal costs Rs 1,000. Delivery is separate: use the documented area-wise charge for the destination.","Glove Deal,price,Rs 1000,delivery separate,package",en,Zain Bike Center Knowledge.docx,2026-08-01,high
zain-0096,glove_deal,glove_price,Glove package kitne ka hai?,"The Glove Deal costs Rs 1,000. Delivery is separate: use the documented area-wise charge for the destination.","Glove Deal,price,Rs 1000,delivery separate,package",en,Zain Bike Center Knowledge.docx,2026-08-01,high
zain-0097,glove_deal,glove_contents,What is included in the Glove Deal?,"The documented Glove Deal contains six product groups: Glove, Large Brush, Nozzle, Shampoo, Round Brush, and a 3-piece Metallic Brush set.","Glove Deal,6 items,Glove,Large Brush,Bara Brush,Nozzle,Shampoo,Round Brush,Gol Brush,3-piece Metallic Brush",en,Zain Bike Center Knowledge.docx,2026-08-01,high
zain-0098,glove_deal,glove_contents,Glove Deal ki 6 cheezain kya hain?,"The documented Glove Deal contains six product groups: Glove, Large Brush, Nozzle, Shampoo, Round Brush, and a 3-piece Metallic Brush set.","Glove Deal,6 items,Glove,Large Brush,Bara Brush,Nozzle,Shampoo,Round Brush,Gol Brush,3-piece Metallic Brush",en,Zain Bike Center Knowledge.docx,2026-08-01,high
zain-0099,glove_deal,glove_customization,Can I replace an item in the Glove Deal?,"No. The document says the Glove Deal cannot be changed and is sold as the complete Rs 1,000 package.","Glove Deal,no changes,replace,swap,customize,complete package,Rs 1000",en,Zain Bike Center Knowledge.docx,2026-08-01,high
zain-0100,glove_deal,glove_customization,Can the Glove Deal be changed?,"No. The document says the Glove Deal cannot be changed and is sold as the complete Rs 1,000 package.","Glove Deal,no changes,replace,swap,customize,complete package,Rs 1000",en,Zain Bike Center Knowledge.docx,2026-08-01,high
zain-0101,deals,glove_detailing_combo,Can I order the Glove and Detailing deals together?,"Yes. The two deals cost Rs 2,000 in total before delivery. The document gives Rs 350 delivery for this example, while its area-wise rule gives Rs 300 for Rawalpindi/Islamabad and Rs 350 elsewhere; confirm the destination and apply the area-wise rate.","Glove Deal,Detailing Deal,combo,Rs 2000,one delivery charge,Rs 300,Rs 350",en,Zain Bike Center Knowledge.docx,2026-08-01,high
zain-0102,deals,glove_detailing_combo,Glove plus Detailing Deal total kya hai?,"Yes. The two deals cost Rs 2,000 in total before delivery. The document gives Rs 350 delivery for this example, while its area-wise rule gives Rs 300 for Rawalpindi/Islamabad and Rs 350 elsewhere; confirm the destination and apply the area-wise rate.","Glove Deal,Detailing Deal,combo,Rs 2000,one delivery charge,Rs 300,Rs 350",en,Zain Bike Center Knowledge.docx,2026-08-01,high
zain-0103,rubber_deal,rubber_price,What is the Rubber Deal price?,"The Rubber Deal costs Rs 1,000. It is also called the Red Deal or Blue Deal.","Rubber Deal,Red Deal,Blue Deal,Rs 1000,price,alias",en,Zain Bike Center Knowledge.docx,2026-08-01,high
zain-0104,rubber_deal,rubber_price,Red or Blue Deal kitne ka hai?,"The Rubber Deal costs Rs 1,000. It is also called the Red Deal or Blue Deal.","Rubber Deal,Red Deal,Blue Deal,Rs 1000,price,alias",en,Zain Bike Center Knowledge.docx,2026-08-01,high
zain-0105,rubber_deal,rubber_aliases,What are the Red Deal and Blue Deal?,"Yes. In the document, Red Deal and Blue Deal are alternate names for the Rubber Deal. When a customer asks for either name, provide the Rubber Deal information.","Red Deal,Blue Deal,Rubber Deal,same deal,alias,suggest",en,Zain Bike Center Knowledge.docx,2026-08-01,high
zain-0106,rubber_deal,rubber_aliases,Is the Blue Deal the same as the Rubber Deal?,"Yes. In the document, Red Deal and Blue Deal are alternate names for the Rubber Deal. When a customer asks for either name, provide the Rubber Deal information.","Red Deal,Blue Deal,Rubber Deal,same deal,alias,suggest",en,Zain Bike Center Knowledge.docx,2026-08-01,high
zain-0107,rubber_deal,rubber_compatibility,Does the Rubber Deal fit CD 70 or CG 125?,"The document says the Rubber Deal supplies complete rubbers for both CD 70 and CG 125. It does not provide model-year or variant compatibility, so confirm exact fit with the team before purchase when that matters.","Rubber Deal,CD 70,CG 125,compatibility,bike model,fit",en,Zain Bike Center Knowledge.docx,2026-08-01,high
zain-0108,rubber_deal,rubber_compatibility,Which bikes is the Rubber Deal for?,"The document says the Rubber Deal supplies complete rubbers for both CD 70 and CG 125. It does not provide model-year or variant compatibility, so confirm exact fit with the team before purchase when that matters.","Rubber Deal,CD 70,CG 125,compatibility,bike model,fit",en,Zain Bike Center Knowledge.docx,2026-08-01,high
zain-0109,rubber_deal,rubber_contents,What is included in the Rubber Deal?,"The Rubber Deal includes Footbar Rubbers, a 6-piece Rubber Kit, Chain Cover Nuts, four Handle Nuts, Shock Reflectors, and a Keychain.","Rubber Deal,Red Deal,Blue Deal,Footbar Rubbers,Rubber Kit 6 pieces,Chain Cover Nuts,Handle Nuts 4 pieces,Shock Reflectors,Keychain",en,Zain Bike Center Knowledge.docx,2026-08-01,high
zain-0110,rubber_deal,rubber_contents,Red/Blue Deal mein kya items hain?,"The Rubber Deal includes Footbar Rubbers, a 6-piece Rubber Kit, Chain Cover Nuts, four Handle Nuts, Shock Reflectors, and a Keychain.","Rubber Deal,Red Deal,Blue Deal,Footbar Rubbers,Rubber Kit 6 pieces,Chain Cover Nuts,Handle Nuts 4 pieces,Shock Reflectors,Keychain",en,Zain Bike Center Knowledge.docx,2026-08-01,high
zain-0111,lighting,remote_flashers_price,What is the price of white remote flashers?,"The documented price for white remote flashers is Rs 1,700.","white remote flashers,flashers,lights,Rs 1700,price",en,Zain Bike Center Knowledge.docx,2026-08-01,high
zain-0112,lighting,remote_flashers_price,Remote flashers kitne ke hain?,"The documented price for white remote flashers is Rs 1,700.","white remote flashers,flashers,lights,Rs 1700,price",en,Zain Bike Center Knowledge.docx,2026-08-01,high
zain-0113,lighting,remote_flashers_variants,Which remote-flasher variants are available?,The document lists two remote-flasher variants: Only White and Red + Blue. It separately states that 2-in-1 and 3-in-1 remote flashers are out of stock.,"remote flashers,Only White,Red Blue,variants,2-in-1,3-in-1,out of stock",en,Zain Bike Center Knowledge.docx,2026-08-01,high
zain-0114,lighting,remote_flashers_variants,Do remote flashers come in red and blue?,The document lists two remote-flasher variants: Only White and Red + Blue. It separately states that 2-in-1 and 3-in-1 remote flashers are out of stock.,"remote flashers,Only White,Red Blue,variants,2-in-1,3-in-1,out of stock",en,Zain Bike Center Knowledge.docx,2026-08-01,high
zain-0115,lighting,flashers_out_of_stock,Are 2-in-1 or 3-in-1 remote flashers available?,"No. The document marks both 2-in-1 and 3-in-1 remote flashers as out of stock. Because stock can change, a human team member must confirm any later availability.","2-in-1,3-in-1,2in1,3in1,remote flashers,out of stock,availability check",en,Zain Bike Center Knowledge.docx,2026-08-01,high
zain-0116,lighting,flashers_out_of_stock,Do you have 2in1 flashers?,"No. The document marks both 2-in-1 and 3-in-1 remote flashers as out of stock. Because stock can change, a human team member must confirm any later availability.","2-in-1,3-in-1,2in1,3in1,remote flashers,out of stock,availability check",en,Zain Bike Center Knowledge.docx,2026-08-01,high
zain-0117,safety,unknown_answer,What should the bot do when the answer is not in this knowledge base?,"Do not guess. Tell the customer: “I don’t have verified information for that in the Zain Bike Center knowledge base. I’m assigning this chat to a human agent, who will reply as soon as possible.” Do not invent a price, stock status, compatibility, policy, timeline, or order status.","unknown,not documented,do not guess,human agent,escalate,no hallucination,verified information",en,Zain Bike Center Knowledge.docx,2026-08-01,high
zain-0118,safety,unknown_answer,I asked something that is not documented.,"Do not guess. Tell the customer: “I don’t have verified information for that in the Zain Bike Center knowledge base. I’m assigning this chat to a human agent, who will reply as soon as possible.” Do not invent a price, stock status, compatibility, policy, timeline, or order status.","unknown,not documented,do not guess,human agent,escalate,no hallucination,verified information",en,Zain Bike Center Knowledge.docx,2026-08-01,high
zain-0119,safety,live_order_boundary,Can the chatbot confirm my live order or tracking status?,"No. This static knowledge base has no live order or courier access. Collect only the documented lookup details—name, phone number, address, and city—through an official channel and assign the request to the team for a manual check. Never fabricate a status or tracking ID.","live order,tracking status,no access,manual check,name,phone,address,city,never fabricate",en,Zain Bike Center Knowledge.docx,2026-08-01,high
zain-0120,safety,live_order_boundary,Can you see where my parcel is right now?,"No. This static knowledge base has no live order or courier access. Collect only the documented lookup details—name, phone number, address, and city—through an official channel and assign the request to the team for a manual check. Never fabricate a status or tracking ID.","live order,tracking status,no access,manual check,name,phone,address,city,never fabricate",en,Zain Bike Center Knowledge.docx,2026-08-01,high
zain-0121,safety,price_stock_verification,Should the bot assume an unlisted price or current stock?,"No. State only prices and stock statuses explicitly documented here. For an unlisted product, changed price, or current availability, ask the human team to verify. A historical document is not proof of live stock.","price,stock,current availability,verify,historical document,do not assume,human team",en,Zain Bike Center Knowledge.docx,2026-08-01,high
zain-0122,safety,price_stock_verification,Is every listed product definitely in stock today?,"No. State only prices and stock statuses explicitly documented here. For an unlisted product, changed price, or current availability, ask the human team to verify. A historical document is not proof of live stock.","price,stock,current availability,verify,historical document,do not assume,human team",en,Zain Bike Center Knowledge.docx,2026-08-01,high
zain-0123,safety,conflicting_information,What should the bot do if two knowledge-base details conflict?,"Use the most specific documented rule and explain the conflict rather than hiding it. For delivery, use the area-wise rule—Rs 300 for Rawalpindi/Islamabad and Rs 350 elsewhere—after confirming the city. If staff, checkout, or another source differs, pause and ask a human team member to confirm before taking payment.","conflict,delivery charge,area-wise,specific rule,Rs 300,Rs 350,human confirmation,no guessing",en,Zain Bike Center Knowledge.docx,2026-08-01,high
zain-0124,safety,conflicting_information,How should conflicting delivery charges be handled?,"Use the most specific documented rule and explain the conflict rather than hiding it. For delivery, use the area-wise rule—Rs 300 for Rawalpindi/Islamabad and Rs 350 elsewhere—after confirming the city. If staff, checkout, or another source differs, pause and ask a human team member to confirm before taking payment.","conflict,delivery charge,area-wise,specific rule,Rs 300,Rs 350,human confirmation,no guessing",en,Zain Bike Center Knowledge.docx,2026-08-01,high
zain-0125,safety,sensitive_information,Will support ask for my OTP or PIN?,"Never share an OTP, PIN, password, CVV, or full card or wallet credentials. For order lookup, the document asks only for name, phone number, address, and city. Send information only through an official Zain Bike Center channel.","OTP,PIN,password,CVV,sensitive information,order lookup,official channel,privacy",en,Zain Bike Center Knowledge.docx,2026-08-01,high
zain-0126,safety,sensitive_information,What payment details should I never share?,"Never share an OTP, PIN, password, CVV, or full card or wallet credentials. For order lookup, the document asks only for name, phone number, address, and city. Send information only through an official Zain Bike Center channel.","OTP,PIN,password,CVV,sensitive information,order lookup,official channel,privacy",en,Zain Bike Center Knowledge.docx,2026-08-01,high
zain-0127,safety,source_scope,What information can this chatbot safely answer?,"Answer only from the supplied Zain Bike Center document. Clearly label missing or time-sensitive details, never claim live order/stock access, never create policies or guarantees not in the source, and escalate unknown, conflicting, account-specific, or current-availability questions to a human agent.","source grounded,anti hallucination,document only,missing details,time sensitive,live access,escalate,human agent",en,Zain Bike Center Knowledge.docx,2026-08-01,high
zain-0128,safety,source_scope,How does the bot prevent hallucinations?,"Answer only from the supplied Zain Bike Center document. Clearly label missing or time-sensitive details, never claim live order/stock access, never create policies or guarantees not in the source, and escalate unknown, conflicting, account-specific, or current-availability questions to a human agent.","source grounded,anti hallucination,document only,missing details,time sensitive,live access,escalate,human agent",en,Zain Bike Center Knowledge.docx,2026-08-01,high
